Acacia Boat,100
Acacia Button,100
Acacia Door,100
Acacia Fence,100
Acacia Fence Gate,100
Acacia Hanging Sign,100
Acacia Leaves,100
Acacia Log,100
Acacia Planks,100
Acacia Pressure Plate,100
Acacia Sapling,100
Acacia Shelf,100
Acacia Sign,100
Acacia Slab,100
Acacia Stairs,100
Acacia Trapdoor,100
Acacia Wood,100
Activator Rail,100
Allium,100
Amethyst Cluster,100
Amethyst Shard,100
Ancient Debris,100
Andesite,100
Andesite Slab,100
Andesite Stairs,100
Andesite Wall,100
Angler Pottery Sherd,100
Anvil,100
Apple,100
Archer Pottery Sherd,100
Armadillo Scute,100
Arms Up Pottery Sherd,100
Arrow,100
Azalea,100
Azalea Leaves,100
Azure Bluet,100
Baked Potato,100
Bamboo,100
Bamboo Button,100
Bamboo Door,100
Bamboo Fence,100
Bamboo Fence Gate,100
Bamboo Hanging Sign,100
Bamboo Mosaic,100
Bamboo Mosaic Slab,100
Bamboo Mosaic Stairs,100
Bamboo Planks,100
Bamboo Pressure Plate,100
Bamboo Raft,100
Bamboo Shelf,100
Bamboo Sign,100
Bamboo Slab,100
Bamboo Stairs,100
Bamboo Trapdoor,100
Barrel,100
Barrier,100
Basalt,100
Beacon,100
Bedrock,100
Bee Nest,100
Beehive,100
Beetroot,100
Beetroot Seeds,100
Bell,100
Big Dripleaf,100
Birch Boat,100
Birch Button,100
Birch Door,100
Birch Fence,100
Birch Fence Gate,100
Birch Hanging Sign,100
Birch Leaves,100
Birch Log,100
Birch Planks,100
Birch Pressure Plate,100
Birch Sapling,100
Birch Shelf,100
Birch Sign,100
Birch Slab,100
Birch Stairs,100
Birch Trapdoor,100
Birch Wood,100
Black Banner,100
Black Bed,100
Black Bundle,100
Black Candle,100
Black Carpet,100
Black Concrete,100
Black Concrete Powder,100
Black Dye,100
Black Glazed Terracotta,100
Black Shulker Box,100
Black Stained Glass,100
Black Stained Glass Pane,100
Black Terracotta,100
Black Wool,100
Blackstone,100
Blackstone Slab,100
Blackstone Stairs,100
Blackstone Wall,100
Blade Pottery Sherd,100
Blast Furnace,100
Blaze Powder,100
Blaze Rod,100
Block of Amethyst,100
Block of Bamboo,100
Block of Coal,100
Block of Copper,100
Block of Diamond,100
Block of Emerald,100
Block of Gold,100
Block of Iron,100
Block of Lapis Lazuli,100
Block of Netherite,100
Block of Quartz,100
Block of Raw Copper,100
Block of Raw Gold,100
Block of Raw Iron,100
Block of Redstone,100
Block of Resin,100
Block of Stripped Bamboo,100
Blue Banner,100
Blue Bed,100
Blue Bundle,100
Blue Candle,100
Blue Carpet,100
Blue Concrete,100
Blue Concrete Powder,100
Blue Dye,100
Blue Egg,100
Blue Glazed Terracotta,100
Blue Ice,100
Blue Orchid,100
Blue Shulker Box,100
Blue Stained Glass,100
Blue Stained Glass Pane,100
Blue Terracotta,100
Blue Wool,100
Bone,100
Bone Block,100
Bone Meal,100
Book,100
Book and Quill,100
Bookshelf,100
Bow,100
Bowl,100
Brain Coral,100
Brain Coral Block,100
Brain Coral Fan,100
Breeze Rod,100
Brewer Pottery Sherd,100
Brewing Stand,100
Brick,100
Brick Slab,100
Brick Stairs,100
Brick Wall,100
Bricks,100
Brown Banner,100
Brown Bed,100
Brown Bundle,100
Brown Candle,100
Brown Carpet,100
Brown Concrete,100
Brown Concrete Powder,100
Brown Dye,100
Brown Egg,100
Brown Glazed Terracotta,100
Brown Mushroom,100
Brown Mushroom Block,100
Brown Shulker Box,100
Brown Stained Glass,100
Brown Stained Glass Pane,100
Brown Terracotta,100
Brown Wool,100
Brush,100
Bubble Coral,100
Bubble Coral Block,100
Bubble Coral Fan,100
Budding Amethyst,100
Bundle,100
Burn Pottery Sherd,100
Bush,100
Cactus,100
Cactus Flower,100
Cake,100
Calcite,100
Calibrated Sculk Sensor,100
Campfire,100
Candle,100
Carrot,100
Carrot on a Stick,100
Cartography Table,100
Carved Pumpkin,100
Cauldron,100
Chain Command Block,100
Chainmail Boots,100
Chainmail Chestplate,100
Chainmail Helmet,100
Chainmail Leggings,100
Charcoal,100
Cherry Boat,100
Cherry Button,100
Cherry Door,100
Cherry Fence,100
Cherry Fence Gate,100
Cherry Hanging Sign,100
Cherry Leaves,100
Cherry Log,100
Cherry Planks,100
Cherry Pressure Plate,100
Cherry Sapling,100
Cherry Shelf,100
Cherry Sign,100
Cherry Slab,100
Cherry Stairs,100
Cherry Trapdoor,100
Cherry Wood,100
Chest,100
Chipped Anvil,100
Chiseled Bookshelf,100
Chiseled Copper,100
Chiseled Deepslate,100
Chiseled Nether Bricks,100
Chiseled Polished Blackstone,100
Chiseled Quartz Block,100
Chiseled Red Sandstone,100
Chiseled Resin Bricks,100
Chiseled Sandstone,100
Chiseled Stone Bricks,100
Chiseled Tuff,100
Chiseled Tuff Bricks,100
Chorus Flower,100
Chorus Plant,100
Clay,100
Clay Ball,100
Closed Eyeblossom,100
Coal,100
Coal Ore,100
Coarse Dirt,100
Cobbled Deepslate,100
Cobbled Deepslate Slab,100
Cobbled Deepslate Stairs,100
Cobbled Deepslate Wall,100
Cobblestone,100
Cobblestone Slab,100
Cobblestone Stairs,100
Cobblestone Wall,100
Cobweb,100
Cocoa Beans,100
Command Block,100
Compass,100
Composter,100
Conduit,100
Cooked Rabbit,100
Copper Axe,100
Copper Bars,100
Copper Boots,100
Copper Bulb,100
Copper Chain,100
Copper Chest,100
Copper Chestplate,100
Copper Door,100
Copper Golem Statue,100
Copper Grate,100
Copper Helmet,100
Copper Hoe,100
Copper ingot,100
Copper Lantern,100
Copper Leggings,100
Copper Nugget,100
Copper Ore,100
Copper Pickaxe,100
Copper Shovel,100
Copper Spear,100
Copper Sword,100
Copper Torch,100
Copper Trapdoor,100
Cornflower,100
Cracked Deepslate Bricks,100
Cracked Deepslate Tiles,100
Cracked Nether Bricks,100
Cracked Polished Blackstone Bricks,100
Cracked Stone Bricks,100
Crafter,100
Crafting Table,100
Creaking Heart,100
Creeper Head,100
Crimson Button,100
Crimson Door,100
Crimson Fence,100
Crimson Fence Gate,100
Crimson Fungus,100
Crimson Hanging Sign,100
Crimson Hyphae,100
Crimson Nylium,100
Crimson Planks,100
Crimson Pressure Plate,100
Crimson Roots,100
Crimson Shelf,100
Crimson Sign,100
Crimson Slab,100
Crimson Stairs,100
Crimson Stem,100
Crimson Trapdoor,100
Crossbow,100
Crying Obsidian,100
Cut Copper,100
Cut Copper Slab,100
Cut Copper Stairs,100
Cut Red Sandstone,100
Cut Red Sandstone Slab,100
Cut Sandstone,100
Cut Sandstone Slab,100
Cyan Banner,100
Cyan Bed,100
Cyan Bundle,100
Cyan Candle,100
Cyan Carpet,100
Cyan Concrete,100
Cyan Concrete Powder,100
Cyan Dye,100
Cyan Glazed Terracotta,100
Cyan Shulker Box,100
Cyan Stained Glass,100
Cyan Stained Glass Pane,100
Cyan Terracotta,100
Cyan Wool,100
Damaged Anvil,100
Dandelion,100
Danger Pottery Sherd,100
Dark Oak Boat,100
Dark Oak Button,100
Dark Oak Door,100
Dark Oak Fence,100
Dark Oak Fence Gate,100
Dark Oak Hanging Sign,100
Dark Oak Leaves,100
Dark Oak Log,100
Dark Oak Planks,100
Dark Oak Pressure Plate,100
Dark Oak Sapling,100
Dark Oak Shelf,100
Dark Oak Sign,100
Dark Oak Slab,100
Dark Oak Stairs,100
Dark Oak Trapdoor,100
Dark Oak Wood,100
Dark Prismarine,100
Dark Prismarine Slab,100
Dark Prismarine Stairs,100
Daylight Detector,100
Dead Brain Coral,100
Dead Brain Coral Block,100
Dead Brain Coral Fan,100
Dead Bubble Coral,100
Dead Bubble Coral Block,100
Dead Bubble Coral Fan,100
Dead Bush,100
Dead Fire Coral,100
Dead Fire Coral Block,100
Dead Fire Coral Fan,100
Dead Horn Coral,100
Dead Horn Coral Block,100
Dead Horn Coral Fan,100
Dead Tube Coral,100
Dead Tube Coral Block,100
Dead Tube Coral Fan,100
Decorated Pot,100
Deepslate,100
Deepslate Brick Slab,100
Deepslate Brick Stairs,100
Deepslate Brick Wall,100
Deepslate Bricks,100
Deepslate Coal Ore,100
Deepslate Copper Ore,100
Deepslate Diamond Ore,100
Deepslate Emerald Ore,100
Deepslate Gold Ore,100
Deepslate Iron Ore,100
Deepslate Lapis Lazuli Ore,100
Deepslate Redstone Ore,100
Deepslate Tile Slab,100
Deepslate Tile Stairs,100
Deepslate Tile Wall,100
Deepslate Tiles,100
Detector Rail,100
Diamond,100
Diamond Axe,100
Diamond Boots,100
Diamond Chestplate,100
Diamond Helmet,100
Diamond Hoe,100
Diamond Leggings,100
Diamond Ore,100
Diamond Pickaxe,100
Diamond Shovel,100
Diamond Spear,100
Diamond Sword,100
Diorite,100
Diorite Slab,100
Diorite Stairs,100
Diorite Wall,100
Dirt,100
Dirt Path,100
Disc Fragment,100
Dispenser,100
Dragon Egg,100
Dragon Head,100
Dried Ghast,100
Dried Kelp,100
Dried Kelp Block,100
Dripstone Block,100
Dropper,100
Echo Shard,100
Egg,100
Elytra,100
Emerald,100
Emerald Ore,100
Empty Map,100
Enchanted Golden Apple,100
Enchanting Table,100
End Portal Frame,100
End Rod,100
End Stone,100
End Stone Brick Slab,100
End Stone Brick Stairs,100
End Stone Brick Wall,100
End Stone Bricks,100
Ender Chest,100
Ender Pearl,100
Explorer Pottery Sherd,100
Exposed Chiseled Copper,100
Exposed Copper,100
Exposed Copper Bars,100
Exposed Copper Bulb,100
Exposed Copper Chain,100
Exposed Copper Chest,100
Exposed Copper Door,100
Exposed Copper Golem Statue,100
Exposed Copper Grate,100
Exposed Copper Lantern,100
Exposed Copper Trapdoor,100
Exposed Cut Copper,100
Exposed Cut Copper Slab,100
Exposed Cut Copper Stairs,100
Exposed Lightning Rod,100
Eye of Ender,100
Feather,100
Fern,100
Fire Charge,100
Fire Coral,100
Fire Coral Block,100
Fire Coral Fan,100
Firework Star,100
Fishing Rod,100
Fletching Table,100
Flint,100
Flint and Steel,100
Flow Pottery Sherd,100
Flower Pot,100
Flowering Azalea,100
Flowering Azalea Leaves,100
Friend Pottery Sherd,100
Frogspawn,100
Furnace,100
Ghast Tear,100
Gilded Blackstone,100
Glass,100
Glass Bottle,100
Glass Pane,100
Glow Berries,100
Glow Ink Sac,100
Glow Lichen,100
Glowstone,100
Glowstone Dust,100
Gold Ingot,100
Gold Nugget,100
Gold Ore,100
Golden Axe,100
Golden Boots,100
Golden Chestplate,100
Golden Helmet,100
Golden Hoe,100
Golden Leggings,100
Golden Pickaxe,100
Golden Shovel,100
Golden Spear,100
Golden Sword,100
Granite,100
Granite Slab,100
Granite Stairs,100
Granite Wall,100
Grass Block,100
Gravel,100
Gray Banner,100
Gray Bed,100
Gray Bundle,100
Gray Candle,100
Gray Carpet,100
Gray Concrete,100
Gray Concrete Powder,100
Gray Dye,100
Gray Glazed Terracotta,100
Gray Shulker Box,100
Gray Stained Glass,100
Gray Stained Glass Pane,100
Gray Terracotta,100
Gray Wool,100
Green Banner,100
Green Bed,100
Green Bundle,100
Green Candle,100
Green Carpet,100
Green Concrete,100
Green Concrete Powder,100
Green Dye,100
Green Glazed Terracotta,100
Green Shulker Box,100
Green Stained Glass,100
Green Stained Glass Pane,100
Green Terracotta,100
Green Wool,100
Grindstone,100
Gunpowder,100
Guster Pottery Sherd,100
Hanging Roots,100
Hay Bale,100
Heart of the Sea,100
Heart Pottery Sherd,100
Heartbreak Pottery Sherd,100
Heavy Core,100
Heavy Weighted Pressure Plate,100
Honey Block,100
Honey Bottle,100
Honeycomb,100
Honeycomb Block,100
Hopper,100
Horn Coral,100
Horn Coral Block,100
Horn Coral Fan,100
Howl Pottery Sherd,100
Ice,100
Infested Chiseled Stone Bricks,100
Infested Cobblestone,100
Infested Cracked Stone Bricks,100
Infested Deepslate,100
Infested Mossy Stone Bricks,100
Infested Stone,100
Infested Stone Bricks,100
Ink Sac,100
Iron Axe,100
Iron Bars,100
Iron Boots,100
Iron Chain,100
Iron Chestplate,100
Iron Door,100
Iron Helmet,100
Iron Hoe,100
Iron Ingot,100
Iron Leggings,100
Iron Nugget,100
Iron Ore,100
Iron Pickaxe,100
Iron Shovel,100
Iron Spear,100
Iron Sword,100
Iron Trapdoor,100
Item Frame,100
Jack o'Lantern,100
Jigsaw Block,100
Jukebox,100
Jungle Boat,100
Jungle Button,100
Jungle Door,100
Jungle Fence,100
Jungle Fence Gate,100
Jungle Hanging Sign,100
Jungle Leaves,100
Jungle Log,100
Jungle Planks,100
Jungle Pressure Plate,100
Jungle Sapling,100
Jungle Shelf,100
Jungle Sign,100
Jungle Slab,100
Jungle Stairs,100
Jungle Trapdoor,100
Jungle Wood,100
Kelp,100
Ladder,100
Lantern,100
Lapis Lazuli,100
Lapis Lazuli Ore,100
Large Amethyst Bud,100
Large Fern,100
Lava Bucket,100
Leaf Litter,100
Leather,100
Leather Boots,100
Leather Cap,100
Leather Pants,100
Leather Tunic,100
Lectern,100
Lever,100
Light,100
Light Blue Banner,100
Light Blue Bed,100
Light Blue Bundle,100
Light Blue Candle,100
Light Blue Carpet,100
Light Blue Concrete,100
Light Blue Concrete Powder,100
Light Blue Dye,100
Light Blue Glazed Terracotta,100
Light Blue Shulker Box,100
Light Blue Stained Glass,100
Light Blue Stained Glass Pane,100
Light Blue Terracotta,100
Light Blue Wool,100
Light Gray Banner,100
Light Gray Bed,100
Light Gray Bundle,100
Light Gray Candle,100
Light Gray Carpet,100
Light Gray Concrete,100
Light Gray Concrete Powder,100
Light Gray Dye,100
Light Gray Glazed Terracotta,100
Light Gray Shulker Box,100
Light Gray Stained Glass,100
Light Gray Stained Glass Pane,100
Light Gray Terracotta,100
Light Gray Wool,100
Light Weighted Pressure Plate,100
Lightning Rod,100
Lilac,100
Lily of the Valley,100
Lily Pad,100
Lime Banner,100
Lime Bed,100
Lime Bundle,100
Lime Candle,100
Lime Carpet,100
Lime Concrete,100
Lime Concrete Powder,100
Lime Dye,100
Lime Glazed Terracotta,100
Lime Shulker Box,100
Lime Stained Glass,100
Lime Stained Glass Pane,100
Lime Terracotta,100
Lime Wool,100
Lodestone,100
Loom,100
Mace,100
Magenta Banner,100
Magenta Bed,100
Magenta Bundle,100
Magenta Candle,100
Magenta Carpet,100
Magenta Concrete,100
Magenta Concrete Powder,100
Magenta Dye,100
Magenta Glazed Terracotta,100
Magenta Shulker Box,100
Magenta Stained Glass,100
Magenta Stained Glass Pane,100
Magenta Terracotta,100
Magenta Wool,100
Magma Block,100
Magma Cream,100
Mangrove Boat,100
Mangrove Button,100
Mangrove Door,100
Mangrove Fence,100
Mangrove Fence Gate,100
Mangrove Hanging Sign,100
Mangrove Leaves,100
Mangrove Log,100
Mangrove Planks,100
Mangrove Pressure Plate,100
Mangrove Propagule,100
Mangrove Roots,100
Mangrove Shelf,100
Mangrove Sign,100
Mangrove Slab,100
Mangrove Stairs,100
Mangrove Trapdoor,100
Mangrove Wood,100
Medium Amethyst Bud,100
Melon,100
Melon Seeds,100
Melon Slice,100
Milk Bucket,100
Minecart,100
Miner Pottery Sherd,100
Monster Spawner,100
Moss Block,100
Moss Carpet,100
Mossy Cobblestone,100
Mossy Cobblestone Slab,100
Mossy Cobblestone Stairs,100
Mossy Cobblestone Wall,100
Mossy Stone Brick Slab,100
Mossy Stone Brick Stairs,100
Mossy Stone Brick Wall,100
Mossy Stone Bricks,100
Mourner Pottery Sherd,100
Mud,100
Mud Brick Slab,100
Mud Brick Stairs,100
Mud Brick Wall,100
Mud Bricks,100
Muddy Mangrove Roots,100
Mushroom Stem,100
Mycelium,100
Nautilus Shell,100
Nether Brick,100
Nether Brick Fence,100
Nether Brick Slab,100
Nether Brick Stairs,100
Nether Brick Wall,100
Nether Bricks,100
Nether Gold Ore,100
Nether Quartz,100
Nether Quartz Ore,100
Nether Sprouts,100
Nether Star,100
Nether Wart,100
Nether Wart Block,100
Netherite Axe,100
Netherite Boots,100
Netherite Chestplate,100
Netherite Helmet,100
Netherite Hoe,100
Netherite Ingot,100
Netherite Leggings,100
Netherite Pickaxe,100
Netherite Scrap,100
Netherite Shovel,100
Netherite Spear,100
Netherite Sword,100
Netherite Upgrade,100
Netherrack,100
Note Block,100
Oak Boat,100
Oak Button,100
Oak Door,100
Oak Fence,100
Oak Fence Gate,100
Oak Hanging Sign,100
Oak Leaves,100
Oak Log,100
Oak Planks,100
Oak Pressure Plate,100
Oak Sapling,100
Oak Shelf,100
Oak Sign,100
Oak Slab,100
Oak Stairs,100
Oak Trapdoor,100
Oak Wood,100
Observer,100
Obsidian,100
Ochre Froglight,100
Ominous Banner,100
Open Eyeblossom,100
Orange Banner,100
Orange Bed,100
Orange Bundle,100
Orange Candle,100
Orange Carpet,100
Orange Concrete,100
Orange Concrete Powder,100
Orange Dye,100
Orange Glazed Terracotta,100
Orange Shulker Box,100
Orange Stained Glass,100
Orange Stained Glass Pane,100
Orange Terracotta,100
Orange Tulip,100
Orange Wool,100
Oxeye Daisy,100
Oxidized Chiseled Copper,100
Oxidized Copper,100
Oxidized Copper Bars,100
Oxidized Copper Bulb,100
Oxidized Copper Chain,100
Oxidized Copper Chest,100
Oxidized Copper Door,100
Oxidized Copper Golem Statue,100
Oxidized Copper Grate,100
Oxidized Copper Lantern,100
Oxidized Copper Trapdoor,100
Oxidized Cut Copper,100
Oxidized Cut Copper Slab,100
Oxidized Cut Copper Stairs,100
Oxidized Lightning Rod,100
Packed Ice,100
Packed Mud,100
Pale Moss Block,100
Pale Moss Carpet,100
Pale Oak Boat,100
Pale Oak Button,100
Pale Oak Door,100
Pale Oak Fence,100
Pale Oak Fence Gate,100
Pale Oak Hanging Sign,100
Pale Oak Leaves,100
Pale Oak Log,100
Pale Oak Planks,100
Pale Oak Pressure Plate,100
Pale Oak Sapling,100
Pale Oak Shelf,100
Pale Oak Sign,100
Pale Oak Slab,100
Pale Oak Stairs,100
Pale Oak Trapdoor,100
Pale Oak Wood,100
Paper,100
Pearlescent Froglight,100
Peony,100
Petrified Oak Slab,100
Phantom Membrane,100
Piglin Head,100
Pink Banner,100
Pink Bed,100
Pink Bundle,100
Pink Candle,100
Pink Carpet,100
Pink Concrete,100
Pink Concrete Powder,100
Pink Dye,100
Pink Glazed Terracotta,100
Pink Petals,100
Pink Shulker Box,100
Pink Stained Glass,100
Pink Stained Glass Pane,100
Pink Terracotta,100
Pink Tulip,100
Pink Wool,100
Piston,100
Pitcher Plant,100
Pitcher Pod,100
Player Head,100
Plenty Pottery Sherd,100
Podzol,100
Pointed Dripstone,100
Polished Andesite,100
Polished Andesite Slab,100
Polished Andesite Stairs,100
Polished Basalt,100
Polished Blackstone,100
Polished Blackstone Brick Slab,100
Polished Blackstone Brick Stairs,100
Polished Blackstone Brick Wall,100
Polished Blackstone Bricks,100
Polished Blackstone Button,100
Polished Blackstone Pressure Plate,100
Polished Blackstone Slab,100
Polished Blackstone Stairs,100
Polished Blackstone Wall,100
Polished Deepslate,100
Polished Deepslate Slab,100
Polished Deepslate Stairs,100
Polished Deepslate Wall,100
Polished Diorite,100
Polished Diorite Slab,100
Polished Diorite Stairs,100
Polished Granite,100
Polished Granite Slab,100
Polished Granite Stairs,100
Polished Tuff,100
Polished Tuff Slab,100
Polished Tuff Stairs,100
Polished Tuff Wall,100
Popped Chorus,100
Poppy,100
Potato,100
Powder Snow Bucket,100
Powered Rail,100
Prismarine,100
Prismarine Brick Slab,100
Prismarine Brick Stairs,100
Prismarine Bricks,100
Prismarine Crystals,100
Prismarine Shard,100
Prismarine Slab,100
Prismarine Stairs,100
Prismarine Wall,100
Prize Pottery Sherd,100
Pumpkin,100
Pumpkin Seeds,100
Purple Banner,100
Purple Bed,100
Purple Bundle,100
Purple Candle,100
Purple Carpet,100
Purple Concrete,100
Purple Concrete Powder,100
Purple Dye,100
Purple Glazed Terracotta,100
Purple Shulker Box,100
Purple Stained Glass,100
Purple Stained Glass Pane,100
Purple Terracotta,100
Purple Wool,100
Purpur Block,100
Purpur Pillar,100
Purpur Slab,100
Purpur Stairs,100
Quartz Bricks,100
Quartz Pillar,100
Quartz Slab,100
Quartz Stairs,100
Rabbit Hide,100
Rail,100
Raw Copper,100
Raw Gold,100
Raw Iron,100
Red Banner,100
Red Bed,100
Red Bundle,100
Red Candle,100
Red Carpet,100
Red Concrete,100
Red Concrete Powder,100
Red Dye,100
Red Glazed Terracotta,100
Red Mushroom,100
Red Mushroom Block,100
Red Nether Brick Slab,100
Red Nether Brick Stairs,100
Red Nether Brick Wall,100
Red Nether Bricks,100
Red Sand,100
Red Sandstone,100
Red Sandstone Slab,100
Red Sandstone Stairs,100
Red Sandstone Wall,100
Red Shulker Box,100
Red Stained Glass,100
Red Stained Glass Pane,100
Red Terracotta,100
Red Tulip,100
Red Wool,100
Redstone Comparator,100
Redstone Dust,100
Redstone Lamp,100
Redstone Ore,100
Redstone Repeater,100
Redstone Torch,100
Reinforced Deepslate,100
Repeating Command Block,100
Resin Brick,100
Resin Brick Slab,100
Resin Brick Stairs,100
Resin Brick Wall,100
Resin Bricks,100
Resin Clump,100
Respawn Anchor,100
Rooted Dirt,100
Rose Bush,100
Sand,100
Sandstone,100
Sandstone Slab,100
Sandstone Stairs,100
Sandstone Wall,100
Scaffolding,100
Scrape Pottery Sherd,100
Sculk,100
Sculk Catalyst,100
Sculk Sensor,100
Sculk Shrieker,100
Sculk Vein,100
Scute,100
Sea Lantern,100
Sea Pickle,100
Seagrass,100
Sheaf Pottery Sherd,100
Shears,100
Shelter Pottery Sherd,100
Shield,100
Short Dry Grass,100
Short Grass,100
Shroomlight,100
Shulker Box,100
Shulker Shell,100
Skeleton Skull,100
Skull Pottery Sherd,100
Slime Ball,100
Slime Block,100
Small Amethyst Bud,100
Small Dripleaf,100
Smithing Table,100
Smoker,100
Smooth Basalt,100
Smooth Quartz Block,100
Smooth Quartz Slab,100
Smooth Quartz Stairs,100
Smooth Red Sandstone,100
Smooth Red Sandstone Slab,100
Smooth Red Sandstone Stairs,100
Smooth Sandstone,100
Smooth Sandstone Slab,100
Smooth Sandstone Stairs,100
Smooth Stone,100
Smooth Stone Slab,100
Sniffer Egg,100
Snort Pottery Sherd,100
Snow,100
Snow Block,100
Snowball,100
Soul Campfire,100
Soul Lantern,100
Soul Sand,100
Soul Soil,100
Soul Torch,100
Spider Eye,100
Sponge,100
Spore Blossom,100
Spruce Boat,100
Spruce Button,100
Spruce Door,100
Spruce Fence,100
Spruce Fence Gate,100
Spruce Hanging Sign,100
Spruce Leaves,100
Spruce Log,100
Spruce Planks,100
Spruce Pressure Plate,100
Spruce Sapling,100
Spruce Shelf,100
Spruce Sign,100
Spruce Slab,100
Spruce Stairs,100
Spruce Trapdoor,100
Spruce Wood,100
Stick,100
Sticky Piston,100
Stone,100
Stone Axe,100
Stone Brick Slab,100
Stone Brick Stairs,100
Stone Brick Wall,100
Stone Bricks,100
Stone Button,100
Stone Hoe,100
Stone Pickaxe,100
Stone Pressure Plate,100
Stone Shovel,100
Stone Slab,100
Stone Spear,100
Stone Stairs,100
Stone Sword,100
Stonecutter,100
String,100
Stripped Acacia Log,100
Stripped Acacia Wood,100
Stripped Birch Log,100
Stripped Birch Wood,100
Stripped Cherry Log,100
Stripped Cherry Wood,100
Stripped Crimson Hyphae,100
Stripped Crimson Stem,100
Stripped Dark Oak Log,100
Stripped Dark Oak Wood,100
Stripped Jungle Log,100
Stripped Jungle Wood,100
Stripped Mangrove Log,100
Stripped Mangrove Wood,100
Stripped Oak Log,100
Stripped Oak Wood,100
Stripped Pale Oak Log,100
Stripped Pale Oak Wood,100
Stripped Spruce Log,100
Stripped Spruce Wood,100
Stripped Warped Hyphae,100
Stripped Warped Stem,100
Structure Block,100
Structure Void,100
Sugar,100
Sugar Cane,100
Sunflower,100
Suspicious Gravel,100
Suspicious Sand,100
Sweet Berries,100
Tall Dry Grass,100
Tall Grass,100
Target,100
Terracotta,100
Test Block,100
Test Instance Block,100
Tinted Glass,100
TNT,100
Torch,100
Torchflower,100
Torchflower Seeds,100
Trapped Chest,100
Trial Spawner,100
Trident,100
Tripwire Hook,100
Tube Coral,100
Tube Coral Block,100
Tube Coral Fan,100
Tuff,100
Tuff Brick Slab,100
Tuff Brick Stairs,100
Tuff Brick Wall,100
Tuff Bricks,100
Tuff Slab,100
Tuff Stairs,100
Tuff Wall,100
Turtle Egg,100
Turtle Shell,100
Twisting Vines,100
Vault,100
Verdant Froglight,100
Vines,100
Warped Button,100
Warped Door,100
Warped Fence,100
Warped Fence Gate,100
Warped Fungus,100
Warped Fungus on a Stick,100
Warped Hanging Sign,100
Warped Hyphae,100
Warped Nylium,100
Warped Planks,100
Warped Pressure Plate,100
Warped Roots,100
Warped Shelf,100
Warped Sign,100
Warped Slab,100
Warped Stairs,100
Warped Stem,100
Warped Trapdoor,100
Warped Wart Block,100
Water Bottle,100
Water Bucket,100
Waxed Block of Copper,100
Waxed Chiseled Copper,100
Waxed Copper Bars,100
Waxed Copper Bulb,100
Waxed Copper Chain,100
Waxed Copper Chest,100
Waxed Copper Door,100
Waxed Copper Golem Statue,100
Waxed Copper Grate,100
Waxed Copper Lantern,100
Waxed Copper Trapdoor,100
Waxed Cut Copper,100
Waxed Cut Copper Slab,100
Waxed Cut Copper Stairs,100
Waxed Exposed Chiseled Copper,100
Waxed Exposed Copper,100
Waxed Exposed Copper Bars,100
Waxed Exposed Copper Bulb,100
Waxed Exposed Copper Chain,100
Waxed Exposed Copper Chest,100
Waxed Exposed Copper Door,100
Waxed Exposed Copper Golem Statue,100
Waxed Exposed Copper Grate,100
Waxed Exposed Copper Lantern,100
Waxed Exposed Copper Trapdoor,100
Waxed Exposed Cut Copper,100
Waxed Exposed Cut Copper Slab,100
Waxed Exposed Cut Copper Stairs,100
Waxed Exposed Lightning Rod,100
Waxed Lightning Rod,100
Waxed Oxidized Chiseled Copper,100
Waxed Oxidized Copper,100
Waxed Oxidized Copper Bars,100
Waxed Oxidized Copper Bulb,100
Waxed Oxidized Copper Chain,100
Waxed Oxidized Copper Chest,100
Waxed Oxidized Copper Door,100
Waxed Oxidized Copper Golem Statue,100
Waxed Oxidized Copper Grate,100
Waxed Oxidized Copper Lantern,100
Waxed Oxidized Copper Trapdoor,100
Waxed Oxidized Cut Copper,100
Waxed Oxidized Cut Copper Slab,100
Waxed Oxidized Cut Copper Stairs,100
Waxed Oxidized Lightning Rod,100
Waxed Weathered Chiseled Copper,100
Waxed Weathered Copper,100
Waxed Weathered Copper Bars,100
Waxed Weathered Copper Bulb,100
Waxed Weathered Copper Chain,100
Waxed Weathered Copper Chest,100
Waxed Weathered Copper Door,100
Waxed Weathered Copper Golem Statue,100
Waxed Weathered Copper Grate,100
Waxed Weathered Copper Lantern,100
Waxed Weathered Copper Trapdoor,100
Waxed Weathered Cut Copper,100
Waxed Weathered Cut Copper Slab,100
Waxed Weathered Cut Copper Stairs,100
Waxed Weathered Lightning Rod,100
Weathered Chiseled Copper,100
Weathered Copper,100
Weathered Copper Bars,100
Weathered Copper Bulb,100
Weathered Copper Chain,100
Weathered Copper Chest,100
Weathered Copper Door,100
Weathered Copper Golem Statue,100
Weathered Copper Grate,100
Weathered Copper Lantern,100
Weathered Copper Trapdoor,100
Weathered Cut Copper,100
Weathered Cut Copper Slab,100
Weathered Cut Copper Stairs,100
Weathered Lightning Rod,100
Weeping Vines,100
Wet Sponge,100
Wheat,100
Wheat Seeds,100
White Banner,100
White Bed,100
White Bundle,100
White Candle,100
White Carpet,100
White Concrete,100
White Concrete Powder,100
White Dye,100
White Glazed Terracotta,100
White Shulker Box,100
White Stained Glass,100
White Stained Glass Pane,100
White Terracotta,100
White Tulip,100
White Wool,100
Wildflowers,100
Wither Rose,100
Wither Skeleton Skull,100
Wooden Axe,100
Wooden Hoe,100
Wooden Pickaxe,100
Wooden Shovel,100
Wooden Spear,100
Wooden Sword,100
Yellow Banner,100
Yellow Bed,100
Yellow Bundle,100
Yellow Candle,100
Yellow Carpet,100
Yellow Concrete,100
Yellow Concrete Powder,100
Yellow Dye,100
Yellow Glazed Terracotta,100
Yellow Shulker Box,100
Yellow Stained Glass,100
Yellow Stained Glass Pane,100
Yellow Terracotta,100
Yellow Wool,100
Zombie Head,100